No,Kelas,Jurusan,Mata Pelajaran,Judul Ebook,Penulis,Penerbit,Tahun,File PDF,Cover,Status
1,X,,Bahasa Indonesia,,,,,,,
2,X,,Bahasa Inggris,,,,,,,
3,X,,Matematika,,,,,,,
4,X,,Informatika,,,,,,,
5,X,,Pendidikan Agama Islam dan Budi Pekerti,,,,,,,
6,X,,Pendidikan Pancasila,,,,,,,
7,X,,Sejarah,,,,,,,
8,X,,Bahasa Sunda,,,,,,,
9,XI,IPA,Kimia,,,,,,,
10,XI,IPA,Fisika,,,,,,,
11,XI,IPA,Biologi,,,,,,,
12,XI,IPS,Ekonomi,,,,,,,
13,XI,IPS,Geografi,,,,,,,
14,XI,IPS,Sosiologi,,,,,,,
15,XI,Bahasa,Bahasa Indonesia,,,,,,,
16,XI,Bahasa,Bahasa Inggris,,,,,,,
17,XI,Bahasa,Bahasa Sunda,,,,,,,
18,XII,IPA,Kimia,,,,,,,
19,XII,IPA,Fisika,,,,,,,
20,XII,IPA,Biologi,,,,,,,
21,XII,IPS,Ekonomi,,,,,,,
22,XII,IPS,Geografi,,,,,,,
23,XII,IPS,Sosiologi,,,,,,,
24,XII,Bahasa,Bahasa Indonesia,,,,,,,
25,XII,Bahasa,Bahasa Inggris,,,,,,,
26,XII,Bahasa,Bahasa Sunda,,,,,,,
